<?xml version="1.0" encoding="UTF-8"?>
<project-private xmlns="http://www.netbeans.org/ns/project-private/1">
    <editor-bookmarks xmlns="http://www.netbeans.org/ns/editor-bookmarks/2" lastBookmarkId="0"/>
    <open-files xmlns="http://www.netbeans.org/ns/projectui-open-files/2">
        <group>
            <file>file:/E:/DOCENCIA/PROJECTE%20&amp;%20VARIS/23-24%20-%20ExempleProjecte1/Pas4_CapaVista/empresaJDBC.xml</file>
            <file>file:/E:/DOCENCIA/PROJECTE%20&amp;%20VARIS/23-24%20-%20ExempleProjecte1/Pas4_CapaVista/empresaJDBCPostgreSQL.xml</file>
        </group>
    </open-files>
</project-private>
